iso,1985,1986,1987,1988,1989,1990,1991,1992,1993,1994,1995,1996,1997,1998,1999,2000,2001,2002,2003,2004,2005,2006,2007,2008,2009,2010,2011,2012,2013,2014,2015,2016,2017
AFG,604439,601026,603436,612528,628785,652553,683643,720380,760797,803311,846137,887683,926987,963253,995776,1024429,1049687,1072576,1093826,1113500,1131218,1146346,1158437,1167407,1173581,1177588,1180252,1182460,1184943,1188119,1192175,1196996,1202066
ALB,78994,80083,80756,80901,80450,79354,77615,75354,72710,69783,66675,63471,60244,57069,54027,51156,48457,45906,43505,41299,39376,37834,36705,35981,35618,35530,35600,35699,35721,35605,35328,34913,34430
DZA,857424,856267,852947,847276,839044,827443,811523,791260,767286,740676,712599,684325,657639,634521,616767,606654,606106,615161,633157,659270,692171,730071,770452,810844,849403,885026,917461,947097,973829,996707,1014170,1024635,1027617
AGO,506255,524708,543139,561443,579553,597396,614955,632400,649951,667805,686194,705342,725408,746529,768816,792425,817471,843807,871190,899368,928061,956985,985840,1014321,1042154,1068962,1094428,1118641,1141854,1164359,1186624,1209198,1232610
ATG,1142,1145,1149,1155,1166,1182,1205,1234,1268,1306,1346,1386,1423,1455,1481,1500,1509,1510,1505,1495,1482,1470,1460,1454,1452,1455,1461,1469,1476,1482,1484,1484,1481
ARG,692296,698312,705357,712460,719123,724668,728476,730418,730581,729149,726612,723661,721039,719317,718751,719351,720863,722786,724740,726633,728546,730678,733223,736250,739663,743269,746819,750031,752674,754611,755743,756057,755705
ARM,81820,81985,81386,80002,77838,74874,71112,66734,61989,57128,52471,48326,44872,42226,40459,39571,39468,39894,40602,41439,42266,42991,43598,44072,44368,44471,44400,44210,43943,43603,43178,42644,41984
AUS,240651,243216,245828,248542,251232,253636,255450,256493,256702,256126,254818,252891,250696,248655,247147,246758,248065,251219,256146,262636,270203,278180,285841,292610,298193,302518,305762,308376,310710,312847,314781,316424,317647
AUT,87407,87087,87052,87412,88119,88988,89751,90150,90015,89309,88082,86472,84721,83044,81548,80305,79325,78549,77931,77480,77202,77100,77172,77415,77826,78432,79267,80325,81568,82938,84363,85762,87057
AZE,194575,199957,204121,206765,207649,206487,203106,197807,191033,183199,174805,166361,158341,151190,145270,140823,137896,136257,135709,136227,137974,141168,145739,151404,157736,164111,169850,174418,177412,178602,177884,175364,171553
BHS,6026,6020,6020,6043,6090,6154,6219,6265,6277,6247,6168,6038,5867,5671,5465,5270,5112,5004,4952,4956,5006,5085,5168,5237,5284,5307,5311,5309,5311,5318,5331,5350,5371
BHR,13809,14070,14251,14356,14395,14375,14309,14218,14128,14058,14031,14062,14155,14313,14539,14837,15204,15627,16093,16589,17108,17646,18195,18744,19279,19781,20235,20635,20977,21259,21483,21657,21795
BGD,3612487,3625636,3631379,3631159,3626044,3617543,3607247,3596336,3585674,3575754,3566849,3558760,3550255,3539999,3527049,3509768,3486469,3456725,3420853,3379656,3334617,3287685,3241136,3196959,3156409,3120452,3089382,3062161,3037685,3015364,2994574,2974707,2955066
BRB,4381,4339,4294,4251,4211,4173,4135,4095,4053,4009,3963,3919,3879,3842,3810,3782,3754,3726,3694,3658,3616,3565,3507,3443,3376,3309,3246,3190,3144,3108,3083,3067,3058
BLR,163858,162520,159599,155173,149391,142488,134786,126771,118927,111627,105186,99788,95384,91935,89498,88137,87877,88583,90076,92191,94784,97730,100882,104057,107057,109687,111799,113369,114385,114817,114664,113970,112855
BEL,118444,118456,118624,118952,119384,119792,120018,119957,119562,118850,117883,116767,115675,114770,114161,113987,114358,115242,116559,118221,120085,121979,123730,125196,126291,126956,127195,127116,126829,126396,125894,125396,124943
BLZ,6366,6441,6512,6575,6632,6681,6726,6768,6813,6861,6918,6988,7070,7161,7258,7350,7427,7480,7507,7510,7497,7479,7471,7480,7510,7559,7621,7686,7745,7797,7841,7882,7923
BEN,201607,207115,212796,218638,224618,230704,236859,243049,249244,255421,261555,267627,273659,279686,285741,291886,298189,304691,311413,318349,325483,332775,340154,347548,354906,362172,369300,376291,383160,389922,396606,403257,409929
BTN,19629,19862,20002,20033,19951,19759,19469,19113,18718,18304,17888,17478,17075,16682,16307,15956,15632,15333,15053,14793,14544,14298,14051,13803,13560,13337,13157,13030,12962,12945,12965,13001,13027
BOL,230541,233331,236044,238571,240864,242905,244710,246339,247841,249229,250520,251729,252845,253847,254715,255396,255827,255980,255857,255481,254908,254211,253472,252754,252093,251479,250867,250211,249496,248753,248055,247496,247143
BIH,74612,73313,71590,69469,66998,64298,61528,58846,56360,54112,52045,50033,47948,45728,43410,41119,39030,37298,36013,35179,34744,34596,34560,34487,34293,33917,33339,32610,31786,30886,29939,28975,28029
BWA,43290,43589,43851,44123,44423,44745,45059,45333,45552,45734,45914,46143,46461,46894,47447,48105,48841,49607,50365,51096,51798,52485,53171,53859,54529,55151,55689,56115,56413,56577,56604,56503,56305
BRA,3894101,3857765,3815965,3773949,3735051,3702705,3679141,3663041,3652318,3645377,3639220,3630158,3614902,3591079,3557653,3513882,3460048,3399140,3334624,3269220,3206294,3148993,3098977,3057302,3024626,3001193,2986371,2977509,2971718,2966854,2960421,2950233,2935394
BRN,6821,6991,7166,7338,7500,7638,7742,7806,7829,7815,7775,7722,7670,7629,7598,7566,7514,7427,7302,7145,6979,6836,6738,6698,6715,6772,6842,6894,6903,6862,6774,6650,6513
BGR,121665,119665,117130,113845,109783,104964,99496,93694,87897,82362,77376,73173,69830,67385,65873,65335,65761,66941,68606,70517,72358,73824,74754,75049,74666,73658,72180,70499,68839,67308,65971,64828,63800
BFA,374955,382871,391106,399771,408935,418659,428968,439799,451080,462762,474797,487141,499734,512507,525389,538354,551406,564533,577684,590767,603629,616108,628133,639689,650810,661588,672168,682734,693445,704392,715615,727097,738762
BDI,246471,252607,258150,262969,266964,269957,271794,272601,272626,272153,271532,271132,271313,272419,274725,278499,283893,290744,298824,307969,318000,328724,339869,351132,362236,372901,382921,392283,401002,409067,416524,423486,430142
CPV,13225,13458,13659,13821,13933,13979,13944,13827,13637,13386,13095,12788,12493,12227,12003,11824,11683,11563,11452,11347,11252,11171,11112,11075,11056,11048,11042,11030,11003,10957,10890,10803,10703
KHM,381633,385184,386522,386392,385074,382783,379657,375815,371446,366807,362030,357144,352223,347461,343171,339891,338179,338234,340028,343374,347815,352717,357387,361276,364112,365856,366710,367107,367364,367528,367521,367173,366305
CMR,467782,480681,493144,505209,516882,528128,538919,549362,559633,569927,580510,591652,603525,616242,629859,644420,659900,676068,692651,709423,726154,742647,758763,774360,789291,803400,816587,828937,840586,851649,862280,872649,882940
CAN,369951,372524,375643,379121,382607,385347,386444,385359,381901,376220,368706,359999,351119,343050,336474,332160,330681,331880,335400,340913,347838,355440,362924,369616,375107,379160,381803,383469,384555,385216,385607,385857,386036
CAF,107396,109916,112289,114569,116797,119058,121448,124035,126857,129916,133198,136660,140206,143738,147186,150508,153688,156716,159557,162149,164395,166198,167527,168384,168795,168775,168354,167648,166812,165994,165383,165154,165388
TCD,257857,266041,274837,284201,294108,304507,315336,326529,338038,349833,361952,374470,387425,400801,414522,428489,442590,456691,470658,484384,497757,510700,523247,535456,547369,559074,570680,582291,593986,605801,617745,629790,641853
CHL,279283,283305,287414,291209,294342,296369,296901,295874,293353,289445,284327,278272,271746,265237,259127,253820,249620,246536,244511,243519,243500,244324,245673,247190,248582,249472,249525,248660,246898,244303,241111,237674,234365
CHN,25460177,26348512,26802126,26737190,26145316,25107262,23783492,22403744,21156546,20129734,19362521,18832447,18441259,18110271,17822051,17570664,17361679,17208241,17116205,17078665,17089922,17144153,17229510,17330921,17433109,17521076,17583088,17613414,17606394,17555089,17451380,17290124,17077819
COL,863138,868456,875097,882957,891669,900387,908013,913561,916364,916213,913372,908524,902604,896284,889711,882516,874000,863596,851137,836952,821688,806201,791451,778247,767064,758302,752090,747911,745155,743394,742107,740777,738971
COM,16186,16510,16801,17067,17313,17546,17774,18004,18241,18492,18760,19048,19351,19668,20000,20346,20706,21080,21466,21860,22263,22676,23096,23518,23936,24340,24719,25069,25386,25669,25920,26143,26350
COG,80944,82428,84030,85762,87649,89727,92025,94550,97296,100251,103392,106690,110104,113599,117151,120769,124476,128286,132184,136128,140073,143969,147758,151376,154768,157847,160538,162847,164822,166523,168043,169492,170992
CRI,81450,82943,84131,84980,85472,85616,85444,85031,84440,83709,82837,81798,80587,79230,77789,76351,75010,73838,72886,72185,71751,71571,71572,71678,71835,71990,72097,72130,72066,71880,71553,71082,70493
CIV,450694,463320,476282,489586,503279,517501,532405,547980,564110,580615,597261,613789,629907,645334,659841,673093,684805,695077,704174,712406,720255,728277,736982,746778,757912,770529,784594,799732,815559,831851,848365,864893,881314
HRV,63163,61697,59945,58000,55959,53989,52279,50929,49976,49399,49056,48730,48223,47420,46325,45061,43838,42873,42304,42142,42315,42677,43025,43197,43127,42790,42214,41501,40736,39951,39167,38391,37614
CUB,175723,178583,179890,179488,177341,173769,169386,164984,161161,158129,155868,154127,152438,150451,148081,145282,142093,138719,135377,132216,129480,127416,126085,125447,125396,125680,125966,125934,125358,124151,122336,120051,117569
CYP,14464,14496,14526,14571,14628,14678,14692,14642,14513,14307,14030,13701,13351,13011,12703,12449,12267,12156,12109,12123,12189,12295,12420,12546,12658,12748,12810,12848,12862,12849,12803,12718,12597
CZE,133899,132086,130964,129926,128658,126728,123757,119749,114871,109342,103589,98156,93578,90266,88428,88223,89647,92302,95729,99586,103425,106812,109509,111373,112335,112506,112153,111651,111276,111106,111102,111117,110936
PRK,398510,401580,404797,409143,414566,420643,426666,431745,435182,436674,436099,433587,429636,424698,418980,412501,405163,396988,388184,379126,370336,362356,355570,350252,346558,344559,344164,344945,346449,348361,350361,352190,353713
COD,1384821,1423849,1466149,1511903,1561046,1613240,1667900,1724153,1781217,1838628,1895860,1952560,2008991,2065591,2122749,2181201,2241807,2305186,2371695,2441387,2514269,2590136,2668149,2747321,2826819,2905653,2982937,3058271,3131420,3202225,3270749,3337327,3402717
DNK,54056,55254,56859,58692,60611,62457,64090,65447,66481,67154,67451,67401,67111,66687,66194,65721,65346,65085,64927,64852,64764,64528,64056,63319,62359,61288,60269,59465,58993,58899,59184,59797,60607
DJI,18200,19093,19996,20881,21715,22439,22992,23346,23498,23462,23287,23041,22797,22608,22498,22459,22458,22443,22377,22255,22086,21892,21704,21543,21418,21325,21258,21197,21129,21046,20948,20833,20707
DOM,204494,205785,207140,208542,209939,211222,212259,212960,213280,213224,212850,212258,211583,210937,210374,209903,209491,209076,208625,208156,207719,207379,207186,207159,207288,207559,207941,208359,208725,208967,208994,208723,208134
ECU,292633,295675,298575,301311,303879,306350,308832,311384,313999,316604,319024,321036,322480,323276,323434,323019,322156,321080,320020,319139,318599,318517,318881,319658,320835,322386,324261,326333,328465,330539,332442,334090,335447
EGY,1866379,1882313,1888688,1886006,1875305,1858675,1838928,1819281,1802453,1790047,1782506,1779104,1778239,1778995,1781759,1786597,1793598,1803908,1819228,1841407,1875063,1925411,1993552,2077703,2173997,2275296,2372817,2458520,2526424,2573696,2599718,2606824,2601731
SLV,166220,165500,165058,164851,164831,164926,165040,165024,164728,164032,162754,160733,157980,154591,150689,146487,142244,138212,134596,131513,129006,127023,125394,123975,122718,121613,120681,119942,119383,118953,118588,118219,117785
GNQ,14715,15381,16013,16610,17171,17708,18242,18800,19405,20067,20790,21570,22394,23251,24138,25056,26008,26998,28022,29075,30151,31243,32343,33441,34529,35601,36651,37681,38692,39683,40658,41623,42580
ERI,90582,92120,93032,93246,92737,91422,89249,86399,83157,79824,76820,74572,73353,73341,74619,77247,81174,86031,91379,96860,102023,106447,109925,112338,113623,113832,113152,111950,110564,109184,107941,106884,105963
EST,24156,24172,23850,23166,22140,20837,19362,17861,16467,15258,14295,13596,13115,12809,12667,12688,12872,13195,13614,14082,14533,14901,15152,15265,15233,15075,14828,14554,14299,14085,13922,13807,13714
ETH,1994648,2049401,2105783,2163839,2223567,2285766,2351491,2420716,2492561,2565523,2637152,2704671,2765916,2819396,2864462,2900774,2928766,2950769,2969391,2986620,3004759,3025856,3050901,3080554,3115332,3155359,3200139,3248034,3297392,3347147,3396413,3444610,3491463
FJI,22015,21850,21674,21517,21392,21300,21230,21155,21060,20939,20794,20629,20456,20283,20115,19949,19783,19614,19444,19279,19134,19025,18960,18941,18964,19018,19090,19157,19204,19219,19191,19114,18995
FIN,63294,62991,62920,63090,63465,63915,64261,64342,64063,63415,62450,61278,60076,58998,58127,57539,57275,57282,57491,57856,58321,58825,59297,59659,59849,59784,59402,58717,57766,56593,55261,53853,52460
FRA,773739,771573,767058,761167,754442,747595,741358,736286,732823,731271,731807,734373,738466,743569,749363,755609,762145,768798,775310,781349,786660,791085,794525,796809,797684,796619,793061,786991,778703,768679,757770,746994,737254
GAB,31777,32561,33346,34128,34899,35643,36343,36991,37584,38130,38628,39082,39513,39953,40432,40986,41648,42438,43372,44465,45739,47210,48856,50640,52524,54478,56476,58473,60410,62220,63816,65119,66105
GMB,36133,37777,39486,41203,42891,44501,45994,47368,48630,49793,50877,51917,52959,54046,55207,56466,57832,59294,60838,62463,64168,65950,67798,69694,71620,73561,75505,77439,79349,81217,83026,84762,86424
GEO,98016,97989,97362,96089,94148,91513,88195,84338,80131,75740,71332,67046,62999,59319,56144,53632,51901,50914,50585,50838,51558,52610,53819,55013,56059,56850,57335,57550,57529,57266,56752,55991,55028
DEU,852149,854977,853782,848650,839886,828645,816619,805487,796381,789588,784611,780303,775183,768231,759269,748408,736127,723480,711470,700713,691645,684459,679123,675724,674568,676424,682131,691705,704643,720106,736736,752931,767241
GHA,537111,549425,561203,572304,582694,592532,602119,611796,621782,632094,642545,652813,662610,671801,680450,688764,697055,705699,714997,725101,736207,748436,761575,775297,789286,803053,816072,827997,838621,847880,855884,862919,869462
GRC,125192,119619,114796,110978,108290,106720,106095,106039,106219,106475,106680,106779,106834,106899,106975,107161,107594,108319,109286,110362,111282,111722,111449,110331,108359,105635,102362,98858,95394,92115,89090,86303,83655
GRD,3161,3146,3097,3018,2911,2785,2648,2512,2386,2275,2182,2106,2042,1986,1937,1896,1864,1841,1828,1823,1824,1831,1840,1850,1858,1865,1870,1873,1874,1874,1869,1862,1849
GTM,337688,340971,344986,349901,355712,362245,369170,376029,382445,388233,393377,398006,402313,406376,410101,413176,415209,415999,415540,414004,411762,409311,407173,405761,405288,405844,407350,409464,411867,414404,416944,419403,421755
GIN,268740,276043,283427,290801,298087,305217,312148,318873,325377,331628,337594,343252,348619,353721,358578,363199,367589,371786,375846,379832,383798,387787,391843,396018,400376,404975,409855,415022,420481,426247,432354,438835,445661
GNB,43018,43566,44078,44586,45104,45626,46136,46616,47059,47474,47876,48288,48734,49234,49801,50445,51170,51964,52814,53712,54653,55636,56650,57682,58713,59724,60694,61615,62477,63275,64006,64672,65288
GUY,22841,22372,21946,21612,21387,21265,21225,21215,21189,21121,20989,20777,20492,20144,19740,19289,18800,18294,17794,17320,16899,16553,16286,16096,15979,15921,15905,15905,15899,15875,15824,15746,15652
HTI,261926,262555,262545,262355,262224,262318,262683,263202,263783,264436,265160,265940,266744,267547,268334,269105,269864,270617,271361,272082,272772,273425,274023,274540,274949,275207,275272,275129,274780,274236,273527,272699,271800
HND,176279,179007,181806,184720,187780,191084,194734,198707,202902,207172,211284,214974,218033,220314,221750,222344,222185,221489,220453,219186,217723,216041,214132,212050,209922,207940,206307,205141,204501,204395,204772,205519,206440
HUN,127025,125696,125339,125265,125131,124539,123163,120985,118081,114537,110590,106583,102895,99819,97490,95972,95220,94983,95018,95183,95293,95182,94802,94153,93259,92249,91317,90639,90321,90362,90678,91114,91474
ISL,4238,4256,4284,4323,4367,4410,4443,4460,4456,4432,4390,4332,4268,4207,4156,4125,4123,4152,4207,4285,4376,4467,4546,4602,4631,4627,4590,4529,4453,4368,4282,4201,4131
IND,27006001,27183308,27314506,27411092,27480429,27531695,27573733,27612189,27651267,27693886,27741276,27791886,27839104,27876287,27899328,27907631,27902575,27882541,27842261,27773459,27656029,27466953,27199286,26857933,26456947,26023585,25592369,25196599,24861636,24599836,24414382,24296564,24220882
IDN,4876505,4836129,4794392,4754754,4718911,4685597,4651609,4614599,4574632,4534589,4501088,4482249,4483374,4506703,4551206,4612778,4684734,4758163,4825500,4882626,4927682,4961495,4987737,5008973,5025030,5034471,5035268,5026351,5007771,4980689,4947125,4909662,4871221
IRN,2002136,2001223,1976817,1931262,1867195,1788187,1698618,1604489,1511897,1425736,1350347,1288326,1238937,1201325,1175751,1162013,1159207,1165049,1177197,1193998,1214034,1236375,1260715,1286606,1313263,1341082,1371119,1403593,1437603,1471203,1500981,1523087,1535030
IRQ,599310,611543,623914,636399,649117,662441,676853,692641,709875,728403,747876,767798,787569,806684,824850,841681,856907,870830,883947,896757,910406,926229,944823,966175,989754,1014071,1037127,1057214,1073305,1085274,1093821,1100350,1106775
IRL,63336,60748,58189,55820,53758,52099,50887,50080,49638,49557,49831,50445,51356,52516,53883,55464,57285,59328,61531,63791,65981,67973,69664,70963,71801,72113,71867,71141,70039,68642,67050,65366,63677
ISR,93396,94255,95273,96415,97706,99215,101031,103196,105706,108519,111535,114627,117674,120590,123343,125940,128437,130939,133530,136249,139159,142318,145692,149206,152772,156252,159496,162382,164822,166769,168201,169139,169702
ITA,587153,578626,572040,566828,562540,558599,554494,550104,545466,540675,536139,532457,530195,529705,531033,534243,539267,545514,552236,558752,564225,567874,569271,568130,564264,557544,548051,536428,523421,509624,495649,482018,469085
JAM,63912,63522,63022,62498,61987,61532,61159,60851,60583,60331,60041,59647,59106,58403,57552,56596,55605,54654,53800,53067,52450,51920,51426,50929,50424,49919,49441,49013,48648,48340,48071,47817,47549
JPN,1444948,1410578,1377183,1345358,1315507,1288452,1265103,1245787,1230417,1218587,1209365,1201516,1193837,1185453,1176004,1165679,1155148,1145375,1137004,1130082,1124667,1120662,1117385,1113984,1109696,1103282,1093477,1079846,1062439,1041644,1018325,993715,969360
JOR,109784,112551,115847,119702,124054,128756,133600,138348,142803,146856,150402,153394,155963,158280,160482,162771,165361,168395,171963,176100,180886,186362,192335,198516,204615,210181,214743,218052,220004,220615,220102,218838,217302
KAZ,408734,410179,408047,402036,392160,378520,361488,342249,322165,302376,283990,267877,254510,244376,238064,236368,239889,248192,260459,275836,293156,311132,328544,344319,357693,368318,376351,382491,387237,390580,392197,391631,388704
KEN,939871,958392,973714,986358,997226,1008168,1021428,1038665,1060811,1087949,1119329,1153442,1188105,1221513,1252809,1281850,1309153,1335599,1361604,1386812,1410418,1431398,1448943,1462571,1472217,1477759,1479292,1477823,1474654,1470990,1468429,1468509,1472009
KIR,2417,2470,2520,2564,2602,2631,2649,2657,2654,2644,2628,2611,2595,2583,2579,2584,2599,2624,2656,2696,2742,2795,2853,2914,2974,3032,3085,3131,3169,3198,3219,3231,3237
KWT,56346,55296,53421,50891,47916,44871,42192,40202,39097,38927,39555,40684,41920,42972,43756,44326,44852,45574,46648,48081,49833,51812,53843,55760,57457,58846,59877,60566,60930,60956,60597,59804,58620
KGZ,132219,134692,136454,137409,137498,136674,134949,132498,129533,126224,122667,118911,115075,111368,108057,105473,103923,103561,104481,106743,110507,115896,122636,130277,138330,146078,152770,157930,161273,162696,162326,160540,158008
LAO,160236,165018,169922,174729,179202,183000,185780,187398,187811,187057,185240,182553,179364,176050,172887,170178,168156,166826,166138,166052,166420,167015,167586,167941,168006,167808,167464,167146,166962,166911,166933,166925,166764
LVA,40809,40961,40554,39563,38012,35956,33500,30844,28193,25701,23532,21809,20541,19709,19310,19312,19654,20209,20852,21489,22020,22370,22534,22524,22346,22048,21706,21395,21167,21029,20954,20886,20755
LBN,72916,73291,74258,75760,77703,79927,82224,84361,86133,87409,88077,88091,87563,86625,85363,83801,81938,79887,77843,76048,74889,74765,75850,78179,81679,86193,91460,97024,102423,107313,111355,114309,116188
LSO,59796,59988,60058,60036,59953,59848,59758,59712,59731,59831,60034,60355,60765,61222,61682,62068,62297,62325,62133,61730,61158,60483,59794,59165,58634,58224,57938,57733,57569,57423,57266,57068,56815
LBR,99031,98896,98100,96814,95252,93755,92702,92375,92965,94549,97122,100560,104542,108751,112989,117054,120799,124207,127279,130001,132412,134602,136701,138812,140974,143183,145400,147562,149632,151621,153561,155500,157488
LBY,133948,134248,134070,133336,132066,130324,128233,125999,123818,121824,120104,118693,117566,116726,116231,116193,116728,117848,119497,121583,123994,126598,129205,131615,133657,135132,135883,135918,135292,134061,132338,130285,128094
LTU,56702,57099,57127,56729,55879,54560,52798,50704,48405,45998,43570,41186,38894,36755,34842,33239,32011,31148,30616,30384,30404,30611,30919,31241,31511,31674,31700,31602,31396,31082,30665,30161,29599
LUX,4272,4330,4408,4511,4636,4777,4927,5074,5208,5323,5408,5459,5479,5472,5444,5405,5363,5328,5310,5313,5340,5393,5464,5548,5641,5739,5838,5936,6031,6119,6199,6271,6336
MDG,450395,462206,474813,488073,501883,516211,531046,546264,561655,576959,591805,605819,618821,630738,641576,651459,660629,669459,678284,687298,696565,706031,715601,725279,735204,745627,756830,768975,782127,796263,811295,827057,843249
MWI,381874,395514,407760,418053,426213,432278,436583,439933,443096,446542,450706,455876,462050,469210,477420,486832,497555,509349,521818,534534,546846,558061,567762,575725,581910,586398,589461,591766,594003,596675,600365,605554,612328
MYS,472182,478499,484946,491745,498869,506349,514151,521874,528967,534891,538606,538998,535730,528975,519273,507714,495723,484811,476193,470524,468116,468779,471563,475596,480476,485918,491774,497956,504279,510430,516103,521065,525219
MDV,9065,9219,9305,9325,9277,9158,8962,8697,8378,8022,7644,7261,6888,6545,6252,6033,5908,5875,5927,6054,6243,6473,6719,6954,7161,7324,7435,7500,7524,7509,7456,7370,7259
MLI,381099,386960,393291,400246,407920,416345,425480,435230,445535,456411,467924,480169,493196,507012,521578,536919,553063,569881,587150,604608,621899,638662,654676,669802,683974,697189,709549,721365,732963,744569,756412,768670,781405
MLT,5495,5502,5505,5495,5468,5422,5362,5293,5219,5140,5051,4946,4822,4681,4527,4369,4219,4088,3982,3907,3863,3849,3856,3876,3906,3943,3987,4036,4089,4143,4195,4241,4280
MRT,74647,76158,77628,79061,80468,81879,83326,84845,86465,88201,90057,92025,94084,96214,98412,100677,103012,105423,107914,110486,113156,115946,118852,121853,124913,127978,130985,133888,136652,139262,141719,144044,146286
MUS,20578,20912,21329,21726,22050,22260,22332,22290,22156,21939,21660,21345,21022,20705,20399,20094,19765,19389,18952,18455,17905,17316,16712,16118,15554,15035,14575,14173,13828,13540,13309,13130,12992
MEX,2390545,2400822,2409632,2415759,2418731,2418449,2415295,2410302,2404389,2397988,2391501,2385180,2378932,2372632,2366240,2359342,2351367,2342068,2331543,2320204,2309140,2299717,2292791,2288657,2287020,2286867,2286702,2284947,2280459,2272826,2262162,2249122,2234906
FSM,3204,3228,3245,3261,3279,3299,3323,3348,3371,3390,3399,3396,3377,3341,3290,3223,3142,3053,2960,2869,2782,2706,2640,2587,2547,2520,2506,2501,2503,2509,2520,2533,2549
MNG,73194,73888,73883,73112,71588,69380,66631,63600,60537,57612,54938,52557,50453,48648,47233,46329,46053,46431,47452,49083,51307,54089,57290,60722,64203,67532,70530,73097,75146,76600,77396,77522,77097
MNE,10927,10812,10671,10516,10354,10183,10002,9808,9602,9390,9181,8983,8804,8650,8523,8425,8358,8313,8282,8257,8228,8182,8115,8026,7917,7798,7681,7579,7503,7451,7422,7405,7390
MAR,765010,757191,748763,740708,733373,726456,719175,710702,700673,689375,677528,666123,656178,648453,643270,640566,639900,640520,641876,643855,646897,651727,658690,667641,677942,688369,697438,703952,707137,706756,703065,696817,689326
MOZ,568734,571901,576184,582400,591029,602411,616584,632994,651060,670438,690828,711980,733614,755376,776878,797690,817471,836176,853838,870483,886193,901140,915679,930179,944919,960176,976150,992874,1010363,1028662,1047811,1067802,1088469
MMR,1203856,1190899,1176052,1160703,1145953,1133031,1122935,1115886,1111898,1110990,1113241,1118537,1125888,1134011,1141707,1147331,1149280,1146806,1139592,1127624,1111178,1090964,1068575,1045663,1023442,1003242,986111,972216,961504,953959,949199,946514,944870
NAM,48690,49756,50837,51893,52893,53806,54611,55301,55868,56298,56550,56576,56392,56048,55617,55216,54981,55010,55364,56067,57113,58454,59973,61551,63107,64566,65871,67011,67978,68758,69342,69741,69997
NPL,681765,692046,702225,712255,722048,731743,741548,751319,760647,768957,775255,778444,777902,773370,764929,752922,737997,721318,704025,686910,670642,655605,641731,628981,617517,607380,598477,590568,583472,577150,571808,567753,565043
NLD,180794,183224,185685,188093,190313,192178,193551,194438,194893,194979,194891,194889,195146,195727,196579,197476,198094,198138,197428,195949,193807,191213,188486,185892,183560,181535,179767,178139,176582,175129,173873,172938,172397
NZL,52621,53598,54646,55686,56642,57419,57938,58193,58203,57994,57607,57102,56576,56128,55832,55799,56127,56809,57788,58992,60281,61481,62444,63066,63308,63177,62741,62143,61515,60924,60434,60078,59840
NIC,152322,152170,151802,151333,150815,150224,149485,148514,147277,145817,144200,142516,140876,139381,138100,137099,136412,136001,135815,135822,135984,136258,136584,136903,137160,137313,137335,137231,136999,136625,136086,135362,134468
NER,390393,400737,411494,422836,434858,447623,461134,475313,490091,505454,521386,537876,554911,572477,590554,609108,628101,647531,667421,687803,708754,730366,752700,775781,799594,824057,849043,874452,900239,926428,953109,980419,1008502
NGA,3825809,3900870,3976650,4054089,4134071,4217441,4304812,4396331,4492120,4592413,4697555,4807769,4922618,5041425,5163508,5288000,5414013,5540827,5667831,5794574,5921406,6049168,6178358,6308788,6439527,6568646,6693840,6813583,6927161,7034728,7137187,7236151,7334051
NOR,52799,53925,55110,56284,57377,58323,59081,59651,60040,60239,60228,59988,59558,58998,58377,57803,57397,57221,57301,57631,58151,58766,59351,59810,60099,60189,60083,59850,59562,59266,59029,58916,58957
PSE,79183,82210,85660,89443,93457,97565,101622,105482,109016,112124,114697,116671,118120,119156,119874,120410,120911,121513,122326,123428,124893,126761,128934,131287,133714,136036,138058,139671,140828,141541,141909,142100,142314
OMN,68814,69990,70705,70965,70786,70203,69267,68073,66717,65272,63755,62148,60454,58729,57079,55637,54540,53889,53765,54225,55328,57099,59443,62237,65377,68801,72470,76280,80068,83639,86724,89069,90568
PAK,3897911,4017755,4133635,4243436,4345397,4438016,4520570,4593946,4659148,4716651,4766586,4809062,4845145,4876456,4904801,4931971,4959502,4988662,5020825,5057419,5099816,5148860,5204103,5264901,5330892,5402686,5481070,5564870,5651651,5738326,5820338,5892899,5952960
PAN,62956,63363,63761,64146,64528,64933,65397,65941,66571,67277,68025,68767,69459,70075,70607,71070,71491,71915,72376,72887,73464,74112,74812,75536,76259,76945,77550,78053,78442,78718,78902,79027,79134
PNG,150393,152056,153847,155852,158139,160811,163957,167547,171503,175728,180069,184346,188401,192117,195432,198341,200904,203256,205504,207687,209810,211851,213774,215569,217258,218876,220465,222065,223716,225442,227263,229186,231187
PRY,132862,135140,137097,138773,140191,141412,142511,143530,144481,145340,145996,146297,146155,145558,144571,143351,142109,141045,140301,139930,139901,140104,140369,140570,140673,140701,140724,140828,141065,141427,141879,142363,142801
PER,666023,671042,674877,677274,678065,677030,674030,669305,663223,656143,648450,640522,632766,625609,619447,614914,612588,612367,613832,616437,618998,620079,618731,614527,607597,598767,589371,580934,574574,570682,569290,569974,571665
PHL,1900154,1932479,1963210,1991984,2018811,2043990,2068080,2091859,2115967,2140717,2166814,2194918,2224651,2255102,2285144,2312567,2334828,2350485,2359031,2360860,2358174,2354231,2351797,2352312,2355492,2358480,2356951,2347499,2328692,2301517,2269330,2237041,2209720
POL,657850,639904,620732,601573,583049,565148,547302,528696,508935,488299,467154,445985,425617,406943,390712,378094,370183,367016,368114,372759,379540,386690,392606,396133,396779,394749,390907,386646,382995,380201,378153,376406,374249
PRT,130257,125495,121380,117926,115179,113160,111844,111095,110762,110736,110935,111305,111791,112303,112726,112933,112822,112355,111511,110269,108605,106522,104107,101468,98697,95894,93145,90518,88077,85883,83986,82404,81097
PRI,63109,62570,62190,61914,61703,61487,61189,60756,60154,59377,58445,57408,56337,55288,54285,53348,52481,51651,50818,49951,49017,47987,46832,45525,44036,42298,40238,37869,35251,32473,29665,26975,24541
QAT,10446,10548,10582,10578,10553,10522,10493,10472,10468,10496,10568,10693,10873,11112,11419,11798,12249,12770,13363,14032,14801,15700,16731,17877,19102,20359,21593,22747,23777,24649,25342,25853,26214
KOR,705519,680493,662803,654569,655667,664131,676428,687797,694356,694269,686272,670288,648579,623520,596527,569299,543444,520010,499829,483544,471632,464097,459815,457507,456249,454726,451630,446316,438504,428193,415861,402413,389140
MDA,92157,91791,90375,87940,84592,80575,76222,71895,67884,64335,61243,58463,55773,53046,50325,47764,45586,43969,43005,42672,42875,43444,44141,44759,45181,45330,45192,44849,44378,43797,43131,42409,41653
ROU,373267,372122,367182,357103,341900,322672,301422,280794,262887,248611,238235,231273,226366,222425,219145,216601,215136,215039,216294,218521,220994,222852,223462,222449,219743,215637,210728,205819,201523,198053,195395,193303,191330
RUS,2422059,2399064,2342554,2253605,2136362,1998860,1851946,1708638,1580343,1474216,1395280,1344629,1316645,1305913,1310266,1327371,1354942,1390517,1431484,1475433,1521363,1569504,1620230,1672765,1724897,1773943,1817283,1852947,1879256,1894899,1898580,1889738,1870029
RWA,323779,328427,329997,328423,323982,317287,309231,301023,293765,288169,284869,284185,285739,289071,293922,299906,306568,313415,320003,326020,331180,335340,338730,341636,344261,347019,350394,354655,359887,365993,372626,379267,385366
LCA,4042,4022,4000,3971,3933,3887,3832,3770,3703,3628,3543,3443,3326,3195,3053,2908,2768,2642,2535,2449,2387,2344,2315,2294,2278,2264,2252,2243,2236,2230,2223,2213,2200
WSM,5634,5594,5550,5505,5462,5424,5397,5381,5378,5385,5396,5406,5407,5397,5375,5347,5320,5301,5294,5299,5309,5318,5316,5298,5264,5213,5150,5083,5016,4955,4902,4858,4823
STP,4325,4409,4495,4581,4669,4756,4843,4927,5010,5092,5175,5261,5353,5451,5554,5661,5769,5876,5979,6075,6162,6239,6307,6365,6415,6456,6489,6516,6538,6558,6579,6603,6631
SAU,533820,546772,557633,566633,573727,578575,580749,580248,577393,572731,567051,561236,556126,552435,550644,551121,553943,558578,564446,571183,578426,585849,593116,599851,605680,610250,613337,614981,615251,614142,611707,608066,603430
SEN,297473,301775,306243,311058,316301,321985,328051,334349,340750,347206,353627,359929,366145,372365,378703,385371,392616,400602,409410,419036,429474,440665,452350,464218,475992,487304,497810,507369,515935,523518,530231,536293,542052
SRB,155138,153223,150978,148401,145548,142540,139526,136634,133951,131501,129250,127102,124930,122641,120212,117660,115035,112416,109864,107396,104985,102577,100133,97654,95181,92814,90677,88854,87383,86248,85381,84668,83974
SYC,1765,1744,1724,1705,1686,1669,1649,1626,1600,1572,1547,1528,1517,1518,1529,1550,1577,1608,1637,1663,1682,1694,1698,1696,1689,1678,1666,1655,1647,1641,1636,1631,1621
SLE,181605,185322,188698,191664,194164,196078,197298,197899,198052,197960,197946,198362,199466,201427,204314,208160,212899,218226,223793,229331,234491,238946,242572,245325,247213,248367,249028,249517,250100,250898,251962,253249,254608
SGP,46972,48566,50198,51829,53379,54744,55824,56565,56933,56913,56485,55653,54505,53157,51712,50293,49016,47953,47159,46679,46545,46758,47235,47879,48617,49353,49993,50485,50797,50913,50855,50676,50456
SVK,89134,87526,85864,84087,82175,80058,77652,74948,71991,68863,65683,62587,59721,57215,55164,53667,52785,52447,52553,53018,53716,54513,55286,55941,56413,56697,56838,56926,57019,57115,57182,57171,57030
SVN,26995,26253,25405,24462,23456,22436,21456,20566,19802,19182,18700,18326,18019,17755,17535,17391,17371,17506,17803,18242,18790,19397,20001,20547,20994,21309,21479,21521,21459,21303,21067,20768,20429
SLB,11278,11539,11799,12049,12287,12509,12714,12909,13097,13285,13479,13687,13913,14158,14423,14702,14988,15273,15556,15837,16128,16442,16789,17174,17593,18041,18508,18979,19437,19872,20268,20616,20916
SOM,308768,316452,323697,330815,337995,345398,353115,361121,369393,377959,386816,395929,405234,414678,424246,433974,443927,454125,464537,475084,485553,495686,505366,514600,523503,532323,541390,551047,561565,573081,585672,599311,613766
ZAF,1138658,1145066,1145522,1140730,1131369,1118343,1102750,1086073,1069816,1055194,1043099,1033933,1027516,1023835,1023294,1026739,1035023,1048046,1065174,1085489,1107673,1130216,1151583,1170415,1185758,1196894,1203621,1206745,1207107,1205149,1201363,1196241,1190279
SSD,246507,250658,253410,254674,254540,253251,251201,248997,247218,246256,246433,247915,250596,254375,259266,265325,272582,280890,290021,299738,309834,320136,330430,340446,349891,358409,365701,371721,376511,380132,382718,384479,385758
ESP,461936,445301,431448,419860,410384,402625,396081,390410,385467,381325,378347,377088,378097,381733,388060,397529,410583,426662,444665,463267,480366,493695,501856,504104,500329,491144,477892,462749,447631,433585,421321,411009,402058
LKA,386055,378951,372102,366025,361000,357061,353996,351396,348987,346775,344932,343729,343393,344023,345561,347910,350907,354228,357525,360513,362876,364356,364911,364557,363309,361301,358753,355925,353013,350086,347069,343784,340066
VCT,2861,2814,2770,2731,2695,2662,2630,2594,2554,2509,2458,2402,2341,2279,2217,2157,2102,2051,2007,1968,1934,1901,1869,1835,1800,1763,1727,1693,1663,1637,1615,1597,1582
SDN,740639,759033,779313,801614,825813,851527,878156,904884,930994,956064,979854,1002362,1023880,1044623,1064577,1083672,1101823,1119006,1135252,1150634,1165194,1178972,1192118,1204840,1217360,1229899,1242641,1255713,1269251,1283402,1298280,1313930,1330283
SUR,10977,11035,11098,11168,11240,11306,11357,11387,11395,11380,11348,11307,11267,11233,11208,11190,11172,11148,11113,11068,11016,10964,10919,10884,10860,10846,10839,10833,10823,10806,10783,10752,10716
SWZ,31332,31427,31511,31627,31787,31981,32181,32345,32446,32483,32461,32398,32323,32260,32226,32244,32337,32498,32706,32937,33139,33250,33232,33066,32759,32347,31885,31439,31057,30757,30532,30351,30171
SWE,101318,104696,108276,111732,114742,116778,117314,116229,113624,109737,105079,100329,96182,93176,91572,91472,92749,94912,97501,100277,103008,105528,107801,109798,111459,112772,113781,114602,115332,116010,116674,117349,118014
CHE,75557,76478,77461,78491,79504,80419,81163,81688,81957,81944,81598,80886,79862,78624,77274,75958,74826,73989,73529,73491,73890,74697,75792,77057,78414,79795,81150,82455,83682,84792,85756,86565,87236
SYR,436729,440575,443096,444582,445440,446399,448295,451684,456860,463844,472200,481172,489951,498026,505345,512716,521383,532036,544613,558289,571264,581267,586448,585655,578641,565599,547384,526115,503954,482411,463072,447161,434908
TJK,196402,202340,206953,210099,211729,211898,210806,208880,206534,204038,201523,199006,196488,194087,192055,190747,190514,191538,193901,197618,202654,208882,215957,223506,231239,238952,246532,253886,260843,267145,272411,276278,278668
TZA,982164,1008272,1034834,1061632,1088538,1115288,1141618,1167571,1193354,1219256,1245769,1273462,1302809,1334146,1367629,1403491,1441850,1482232,1523951,1566343,1608356,1648886,1687343,1723485,1757367,1789458,1820588,1851896,1884332,1918382,1954283,1991955,2030917
MKD,39181,38497,37740,36948,36136,35299,34414,33465,32453,31401,30348,29345,28428,27624,26940,26358,25840,25344,24845,24344,23870,23469,23177,23015,22972,23024,23131,23239,23306,23304,23216,23040,22796
THA,1153769,1136649,1121259,1107444,1094920,1083054,1071016,1058046,1043611,1027522,1009741,990484,970451,950354,930671,911978,894773,879172,865166,852707,841520,831158,821107,810979,800630,790165,779880,770112,761026,752533,744333,736008,727190
TLS,26781,27524,28353,29272,30253,31233,32135,32900,33494,33913,34199,34423,34657,34947,35294,35658,35971,36163,36191,36050,35748,35311,34805,34306,33869,33574,33491,33636,33997,34554,35250,36010,36746
TGO,145339,147937,150242,152294,154174,156018,157995,160269,162975,166192,169993,174403,179310,184573,190076,195689,201279,206741,211972,216888,221424,225559,229358,232889,236183,239267,242161,244909,247568,250202,252873,255630,258500
TON,3131,3081,3037,3005,2986,2977,2971,2958,2935,2901,2861,2820,2788,2768,2763,2772,2793,2820,2847,2871,2887,2893,2888,2873,2847,2813,2771,2726,2680,2637,2598,2565,2540
TTO,31186,30225,29070,27819,26541,25289,24097,22974,21936,21014,20242,19639,19198,18905,18748,18718,18800,18966,19183,19420,19652,19859,20033,20163,20234,20232,20149,19992,19771,19492,19161,18785,18377
TUN,229423,228529,226522,223386,219207,214157,208491,202574,196750,191254,186215,181642,177457,173652,170342,167663,165742,164663,164495,165291,167247,170566,175150,180721,186914,193191,198964,203761,207218,209127,209413,208195,205904
TUR,1485607,1465994,1445534,1426062,1408807,1395075,1385750,1380390,1378244,1378702,1380596,1382481,1383068,1381434,1377189,1370333,1361352,1351407,1341553,1332339,1324219,1317436,1311886,1307490,1304318,1302629,1302678,1304274,1306982,1310255,1313260,1315093,1315100
TKM,119040,122454,125632,128329,130353,131400,131191,129743,127210,123810,119911,115963,112399,109566,107658,106686,106478,106736,107267,108084,109446,111724,115096,119517,124732,130242,135422,139712,142709,144241,144319,143159,141263
UGA,726055,752247,779506,807671,836543,865867,895382,924893,954241,983315,1012049,1040458,1068717,1097010,1125447,1154274,1183756,1213946,1244758,1276011,1307434,1338696,1369395,1399147,1427672,1454639,1479810,1503315,1525398,1546290,1566458,1586467,1606708
UKR,742433,729942,713570,693670,670627,644710,616224,586018,555214,524953,496336,470240,447229,427911,412993,403533,400428,403310,411276,423279,437905,453575,468620,481489,491010,496164,496471,492644,485522,475589,463469,449859,435568
ARE,41771,43480,44917,46105,47057,47762,48205,48431,48520,48565,48658,48878,49310,50055,51212,52933,55356,58471,62207,66463,71126,76058,81048,85864,90301,94117,97112,99275,100656,101310,101386,101092,100665
GBR,755073,765739,773464,778141,779608,778050,774006,768411,762061,755338,747957,739253,728994,717565,705949,696120,690387,690122,695850,707257,723204,741839,760618,777325,790684,799640,803774,804032,801481,796744,790793,784714,779333
USA,3740666,3792032,3839352,3882804,3921192,3951752,3971414,3979520,3977056,3966176,3951072,3936951,3928439,3928823,3939449,3961073,3992966,4030834,4069877,4106485,4135332,4151205,4152330,4138737,4111596,4073883,4030096,3986281,3947817,3918023,3899711,3894135,3899175
URY,54686,55045,55525,56047,56552,56973,57253,57373,57326,57108,56736,56247,55692,55116,54536,53943,53308,52610,51847,51047,50261,49554,48973,48547,48282,48164,48160,48211,48261,48281,48246,48144,47987
UZB,659687,674569,687858,699024,707417,711943,711504,705903,695439,680712,662410,641412,619280,597772,578438,563136,553431,549575,551386,558592,570482,585914,603145,620531,636968,651789,664853,676478,686710,695082,700791,703014,701524
VUT,4886,4962,5044,5133,5228,5327,5425,5520,5611,5695,5777,5856,5938,6025,6119,6223,6338,6462,6594,6734,6881,7034,7191,7350,7509,7664,7815,7960,8098,8228,8350,8461,8563
VEN,536994,544862,551598,556905,560719,563141,564443,565130,565656,566276,567200,568533,570180,572044,574107,576338,578685,581038,583274,585292,587143,588947,590669,592120,592983,592586,590158,585357,578182,568916,558058,546303,534641
VNM,1867149,1890745,1912725,1931283,1943907,1945474,1930327,1896539,1844789,1777748,1700570,1620061,1543850,1478384,1427485,1393687,1377164,1373892,1379875,1393103,1411463,1433066,1456383,1479864,1502001,1522176,1540635,1558066,1574537,1589149,1600238,1605951,1605349
YEM,523980,544258,565334,586745,607816,627394,644229,657676,667523,673935,677537,679346,680730,682860,686388,691681,698714,706942,715928,725606,736086,747556,760005,773241,786925,800563,813617,825645,836308,845406,852888,858892,863806
ZMB,322952,331782,340558,349236,357843,366467,375243,384319,393801,403730,414175,425177,436626,448349,460170,471807,482956,493452,503221,512276,520793,529064,537393,545982,554864,563827,572509,580654,588204,595335,602471,610172,618927
ZWE,361860,366587,370411,373027,374404,374630,373933,372766,371570,370632,370133,370134,370621,371658,373427,376216,380312,385794,392622,400689,410061,420809,432545,444620,456287,466336,473492,477148,477132,473623,467254,459048,450407